{
 "SSIM": [
  0.963956892490387,
  0.9584909081459045,
  0.9661791920661926,
  0.960906982421875,
  0.9633966088294983,
  0.9591048359870911,
  0.9627805948257446,
  0.9729794859886169,
  0.9689291715621948,
  0.962513267993927,
  0.9664095044136047,
  0.9617340564727783,
  0.9755803346633911,
  0.9594769477844238,
  0.9756467342376709,
  0.9596924185752869,
  0.9639990329742432,
  0.9672364592552185,
  0.9660453200340271,
  0.9736356735229492,
  0.9755263328552246,
  0.9627709984779358,
  0.973287045955658,
  0.9632118344306946,
  0.9722899794578552,
  0.9611856341362,
  0.9598034024238586,
  0.9639891982078552,
  0.9636730551719666,
  0.9667153358459473,
  0.9648413062095642,
  0.9626915454864502,
  0.9605311155319214,
  0.9605495929718018,
  0.9577808976173401,
  0.9694081544876099,
  0.9607333540916443,
  0.9606977701187134,
  0.9677619338035583,
  0.9660882949829102,
  0.9706082344055176,
  0.9648735523223877,
  0.9741649627685547,
  0.9622315168380737,
  0.9595662951469421,
  0.9648323059082031,
  0.9587713479995728,
  0.9627588391304016,
  0.9624557495117188,
  0.9647026062011719,
  0.9635928273200989,
  0.9652225375175476,
  0.958224892616272,
  0.965965986251831,
  0.9644317626953125,
  0.9616732001304626,
  0.9626346230506897,
  0.9635705947875977,
  0.9726040363311768,
  0.9666789174079895,
  0.9621771574020386,
  0.9668183922767639,
  0.9638049602508545,
  0.9605826735496521,
  0.9628441333770752,
  0.9611642956733704,
  0.9633054137229919,
  0.9656239748001099,
  0.9596548080444336,
  0.9705125093460083,
  0.9592394828796387,
  0.96144038438797,
  0.9608650207519531,
  0.9570556282997131,
  0.9653794765472412,
  0.9585409164428711,
  0.9647742509841919,
  0.9582228660583496,
  0.9691396951675415,
  0.9665400385856628,
  0.9749743342399597,
  0.9636664986610413,
  0.9624002575874329,
  0.964803159236908,
  0.9640411734580994,
  0.9629520177841187,
  0.9585984349250793,
  0.9615962505340576,
  0.9625263810157776,
  0.9635508060455322,
  0.9681214094161987,
  0.9617182016372681,
  0.964961051940918,
  0.9659120440483093,
  0.959823489189148,
  0.9563784599304199,
  0.9640008807182312,
  0.962856113910675,
  0.9609128832817078
 ],
 "PSNR": [
  25.113040924072266,
  23.482879638671875,
  24.18454360961914,
  23.210439682006836,
  24.255062103271484,
  23.461502075195312,
  23.26299476623535,
  26.42850112915039,
  24.35798454284668,
  23.677892684936523,
  24.194211959838867,
  24.088361740112305,
  24.895021438598633,
  23.624801635742188,
  25.369945526123047,
  23.772750854492188,
  24.285930633544922,
  24.956886291503906,
  24.25015640258789,
  26.350433349609375,
  24.864654541015625,
  24.731691360473633,
  26.419227600097656,
  24.95772361755371,
  24.227895736694336,
  23.38701057434082,
  23.726863861083984,
  24.207538604736328,
  23.41104507446289,
  23.49734115600586,
  23.17224884033203,
  24.78586196899414,
  24.488555908203125,
  23.72469711303711,
  23.551177978515625,
  25.58002471923828,
  23.690444946289062,
  23.986526489257812,
  23.994550704956055,
  23.89101219177246,
  24.59648895263672,
  24.194541931152344,
  25.180522918701172,
  23.38238525390625,
  23.584491729736328,
  23.772192001342773,
  23.95420265197754,
  23.805198669433594,
  23.86449432373047,
  23.516035079956055,
  25.12378692626953,
  24.685087203979492,
  23.739315032958984,
  23.320327758789062,
  24.099014282226562,
  23.73312759399414,
  23.90488052368164,
  22.985183715820312,
  25.141345977783203,
  23.121829986572266,
  23.31246566772461,
  23.530847549438477,
  23.74582290649414,
  23.619081497192383,
  25.23273277282715,
  24.075023651123047,
  25.484073638916016,
  23.319095611572266,
  23.572633743286133,
  25.64935302734375,
  23.466197967529297,
  22.91916275024414,
  23.545434951782227,
  22.84632110595703,
  24.107746124267578,
  22.33486557006836,
  24.36201286315918,
  23.681045532226562,
  24.966297149658203,
  24.277612686157227,
  25.38357925415039,
  25.526473999023438,
  23.209436416625977,
  24.532608032226562,
  25.633543014526367,
  24.65277862548828,
  23.482322692871094,
  24.913837432861328,
  24.62648582458496,
  23.796066284179688,
  24.445314407348633,
  23.34378433227539,
  24.07056427001953,
  24.339075088500977,
  23.613670349121094,
  22.45488929748535,
  25.10647201538086,
  23.7764892578125,
  24.043962478637695
 ],
 "LPIPS": [
  0.03086688183248043,
  0.03176701068878174,
  0.029188279062509537,
  0.0315152071416378,
  0.02716108039021492,
  0.033637672662734985,
  0.03021072782576084,
  0.019263114780187607,
  0.03167356550693512,
  0.03068118914961815,
  0.025958135724067688,
  0.02918516844511032,
  0.028631117194890976,
  0.03094901517033577,
  0.02774753049015999,
  0.03036493808031082,
  0.02704237960278988,
  0.024167202413082123,
  0.026888638734817505,
  0.018918108195066452,
  0.029328837990760803,
  0.03177797049283981,
  0.01902240701019764,
  0.031228231266140938,
  0.030879683792591095,
  0.03286202624440193,
  0.03073977306485176,
  0.02655453234910965,
  0.03244347125291824,
  0.03190064802765846,
  0.03249392658472061,
  0.025540735572576523,
  0.03164102882146835,
  0.029326217249035835,
  0.03369307145476341,
  0.022286830469965935,
  0.029057173058390617,
  0.029050182551145554,
  0.029984548687934875,
  0.03029334917664528,
  0.030125100165605545,
  0.026509612798690796,
  0.028499789535999298,
  0.03051469475030899,
  0.03065614588558674,
  0.02910624071955681,
  0.032359980046749115,
  0.027994811534881592,
  0.028434939682483673,
  0.03075101599097252,
  0.026390250772237778,
  0.029606422409415245,
  0.03384687751531601,
  0.032326288521289825,
  0.02651267498731613,
  0.031334370374679565,
  0.028046119958162308,
  0.03323916345834732,
  0.02758035995066166,
  0.03300580382347107,
  0.030146893113851547,
  0.032096248120069504,
  0.02863060124218464,
  0.03057382069528103,
  0.024688590317964554,
  0.02921140566468239,
  0.024096347391605377,
  0.030630014836788177,
  0.030749553814530373,
  0.021280305460095406,
  0.03192819282412529,
  0.03366664797067642,
  0.030473783612251282,
  0.03415888547897339,
  0.028446273878216743,
  0.034580398350954056,
  0.03265863284468651,
  0.03439001739025116,
  0.023341640830039978,
  0.026190314441919327,
  0.029961111024022102,
  0.023193446919322014,
  0.03031832166016102,
  0.02616363763809204,
  0.0234385933727026,
  0.02480977401137352,
  0.032618582248687744,
  0.02985389158129692,
  0.025352314114570618,
  0.02767355740070343,
  0.031007910147309303,
  0.0317181833088398,
  0.02645665779709816,
  0.027628827840089798,
  0.03315472975373268,
  0.03444068878889084,
  0.03014349192380905,
  0.02850361354649067,
  0.030370255932211876
 ]
}