{
 "SSIM": 0.02532675862312317,
 "PSNR": 0.298211932182312,
 "LPIPS": 0.4916468858718872,
 "FID": 143.80729436369165
}