{
 "SSIM": 0.9467173218727112,
 "PSNR": 21.26439666748047,
 "LPIPS": 0.03728623315691948,
 "FID": 156.86975683788114
}