{
 "SSIM": 0.9641744494438171,
 "PSNR": 24.1436710357666,
 "LPIPS": 0.029207155108451843
}